{
  "id": "",
  "name": "",
  "font_family": "iconfont",
  "css_prefix_text": "icon-",
  "description": "",
  "glyphs": [
    {
      "icon_id": "592049",
      "name": "菜单",
      "font_class": "caidan",
      "unicode": "e790",
      "unicode_decimal": 59280
    },
    {
      "icon_id": "594378",
      "name": "评论",
      "font_class": "pinglun",
      "unicode": "e63a",
      "unicode_decimal": 58938
    },
    {
      "icon_id": "1029274",
      "name": "右右",
      "font_class": "right-1-copy",
      "unicode": "e61f",
      "unicode_decimal": 58911
    },
    {
      "icon_id": "4425860",
      "name": "收藏-填充",
      "font_class": "shoucang-tianchong",
      "unicode": "e7a8",
      "unicode_decimal": 59304
    },
    {
      "icon_id": "4896380",
      "name": "更多",
      "font_class": "gengduo",
      "unicode": "ec1c",
      "unicode_decimal": 60444
    },
    {
      "icon_id": "5387527",
      "name": "加号",
      "font_class": "jiahao",
      "unicode": "eaf3",
      "unicode_decimal": 60147
    },
    {
      "icon_id": "11372756",
      "name": "爱心",
      "font_class": "aixin",
      "unicode": "e8c3",
      "unicode_decimal": 59587
    },
    {
      "icon_id": "20000260",
      "name": "搜索",
      "font_class": "sousuo",
      "unicode": "e603",
      "unicode_decimal": 58883
    },
    {
      "icon_id": "23894962",
      "name": "分享",
      "font_class": "fenxiang",
      "unicode": "e7c4",
      "unicode_decimal": 59332
    }
  ]
}
